Event ID,1,2,3,4,5,6,7,8,9,10,11,12,13,14,15,16,17,18,19,20,21,22,23,24,25,26,27,28,29,30
2832
2980
966
939
3314,"18,000","10,000","5,000","5,000","3,000","3,000","3,000","3,000"
3300
3299
943
980
973,"2,500","1,250",650
2049
3359
3365
820
968
3203,"2,419",806
974
977
970
987
965
2697
2958
2847
3386
2396
3360
3366
2510,"30,000","15,000"
971
958
3221,"10,000","6,000"
983
992
984
985
988
994
993
981
995
986
1007
996
999
1004
1000
1005
1002
982
1019
1003,"12,000","6,000","4,000"
1011
1012
1022
1008
998
1020
1014
1017
1023
990
1021,"22,638","12,073","5,282","5,282"
1026
1025,"10,000","6,000","4,000"
1024
1027
1028
1031,"14,945","2,989","1,495"
1029
1034,"6,581","3,290","1,316",658
1035
1038
1045
1039
1036
1042
1052
1050
1013,"6,000","3,000","2,500","2,000"
1046
1048
1047
1044
1009
1041
1054
1055
1053
1059
1049
1057
1058
1060
1062
1061,"1,620",810,420
1064
1065
1066
1069
1070
1067,"7,915","3,957","1,319"
1072
1037
1033
1076
1075
1077
1063
1079
1081
1080
1085
1082
1084
1088,"8,000","4,000","2,000","1,000"
1086
1089,"5,000","2,000"
1092
1056
1090
1078,"3,896","1,948","1,299",909
1091
1096
1093
1068
1095,"4,488","2,565",962,962
1094,"21,157","10,258","5,129","2,565",961,961,641,641
1087
1097
1099,"9,134","4,567","1,522"
1098,"6,000","3,000","2,500","2,000"
1100
1102,"12,000","7,000","4,000","4,000","2,000","2,000","2,000","2,000"
1103
1101
1109
1110
1107
1111
1105,"17,500","7,000","4,000","2,500","1,500","1,500","1,000","1,000"
1083
1114
1112
1118
1115
1116
1120
1108
1121
1122
1126
1123
1124
1128
1129
1133
1104
1134
1135
1138
1140
1137
1143
1139
1144
1142
1145
1127
1130
1147
1149
1146
1152
1153
1148
1151,"10,815","6,180","3,863","3,863","1,545","1,545","1,545","1,545"
1154
1157
1155,"12,000","7,000","4,000","4,000","2,000","2,000","2,000","2,000"
1161
1163,"6,000","3,000","2,500","2,000"
1164,"5,651","3,391","2,260"
1125
1160
1162
1167
1165
1141
1168
1169
1170
1171
1172
1173
1176
1174,"20,000","8,000","4,000","2,500","1,500","1,500"
1177
1166,"4,699","2,014"
1178
1179
1182
1180
1184
1183
1190
1185
1191
1156
1189
1187
1193
1195
1197
1198
1188
1200
1192,"7,500","4,500","1,500"
1199
1201
1202
1204
1205
1206
1207
1208
1209
1203
1211
1213
1196,"1,500",500
1212
1214
1216
1215
1217
1220
1175
1221
1181
1224
1223
1222
1225
1226
1230
1229
1227
1228
1219
1232
1262
1252
1254
1260
1253
1243
1268
1240
1246
1236
1241
1234
1244
1248
1235
1256
1249,"12,500","7,500","5,000"
1251
1237
1259
1258
1231,"7,000","4,000","2,500","1,500"
1250
1267
1247
1245,"12,000","7,000","4,000","4,000","2,000","2,000","2,000","2,000"
1264
1261
1263
1239
1265,"10,000","5,000","3,500","1,500"
1269,"10,000","7,000","5,000"
1257
1266
1272
1270,"100,000","50,000","22,000","22,000","10,000","10,000","10,000","10,000","2,000","2,000","2,000","2,000","2,000","2,000","2,000","2,000"
1273
1271,"5,497","2,748","1,031","1,031",344,344,344,344
1276
1277,"22,807","7,602","3,801"
1274
1238
1275
1279,"7,000","4,000","2,500","1,500"
1281
1296
1242
1282
1280
1285
1294
1218,"2,000","1,000"
1158
1287,"20,000","8,000","4,000","2,500","1,500","1,500"
1286
1284
1288
1283
1293
1289
1297
1292
1255
1291,"4,046","2,023",674
1298
1299
1300
1302
1301
1295
1305
1304
1306
1303
1312
1309
1311
1318,"7,500","2,500"
1314
1308
1313,800,300
1307
1315
1321
1319
1320
1316
1331
1330
1325
1323
1328
1333,"100,000","50,000","22,000","22,000","10,000","10,000","10,000","10,000","2,000","2,000","2,000","2,000","2,000","2,000","2,000","2,000"
1322
1335
1338
1336
1337
1332
1310
1340
1329
1339
1290
1342
1343,"4,150","2,800","1,400"
1344
1345,"19,341","8,289","2,763","2,763",691,691,691,691
1317
1347
1348
1349
1327
1351
1350
1353
1356
1354
1352
1359
1341
1358,"14,000","7,000","5,000","4,000"
1361
1360
1355
1363
1334
1366
1346
1365
1364
1367
1368
1369,681
1370
1371
1372
1376
1374
1357
1378
1377
1380
1324
1362
1381
1375
1382
1384
1383
1385
1388
1373,"10,000","5,000","3,500","3,500","2,000","2,000","2,000","2,000"
1387,"7,500","3,000","1,600","1,600",300,300,300,300
1379
1392
1391
1393
1394
1395
1397
1399
1398
1400
1405
1401
1390,"20,000","6,000","4,500","4,000","3,500","3,500","3,000","3,000"
1408
1409
1412
1403
1413
1411,"1,595",798,479,319
1410
1414
1402
1406
1419
1423
1417
1421
1422
1418
1425
1427
1424,"8,115","3,381","2,029"
1426
1415
1431
1430
1429
1435
1432
1433
1439
1440
1436
1441
1442
1443
1437,"20,000","10,000","5,000","5,000","1,250","1,250","1,250","1,250"
1447
1438,"5,000","3,000","1,000","1,000"
1445
1446
1450
1396
1448
1444,"100,000","50,000","22,000","22,000","10,000","10,000","10,000","10,000","2,000","2,000","2,000","2,000","2,000","2,000","2,000","2,000"
1451
1456
1454
1449
1457
1458
1460
1459
1461
1462
1463
1453
1452
1465
1464,"14,000","7,000","5,000","4,000"
1468
1467
1466
1473
1476
1474,"5,181","2,591",971,971
1475
1472
1478
1486
1481
1404
1479
1420
1485
1483
1484
1482
1490,"10,000","5,000","3,500","3,500","2,000","2,000","2,000","2,000"
1494
1492
1489
1491
1496
1495
1504
1513
1514
1428
1502,"12,000","5,000","3,000","2,000"
1499
1506
1512
1507
1517
1470
1497,500,282,156
1471
1523
1520
1498
1493
1515
1501,"1,840","1,225",615,365
1508
1505
1480
1516,"13,000","7,000","5,000","4,000"
1509
1503
1519
1510
1488
1524
1487
1522
1518,"2,750","1,350",850,600
1525
1521,"20,000","10,000","5,000","5,000","2,000","2,000"
1530
1528
1455
1527
1477
1529,"5,000","3,000","2,000"
1531
1526,"20,000","15,000","1,000","5,000"
1500,"21,605","10,802","5,401","2,701"
1532,"5,000","1,000"
1535
1533
1469
1541
1537
1534
1536
1538
1545
1543
1539,"6,263","3,131"
1542
1548
1547
1546
1554
1551
1540
1555
1544
1556
1557
1552
1559
1561
1558
1560
1565
1562
1566
1553,"100,000","50,000","22,000","22,000","10,000","10,000","10,000","10,000","2,000","2,000","2,000","2,000","2,000","2,000","2,000","2,000"
1571
1389
1569
1572
1567
1578,"4,984","2,492",935,935
1573
1563,"20,000","6,000","4,500","4,000","3,500","3,500","3,000","3,000"
1574
1580
1581
1583
1570
1579,"6,000","3,000","1,000"
1584
1568
1588
1586
1585
1587
1589
1564
1590,"5,000","3,000","1,250",750
1593
1594
1595
1591
1596
1604
1603
1599
1597
1626
1598
1576
1632
1575
1625
1634
1628
1631
1633
1627
1636
1638
1637
1639
1600,"25,000","12,500","7,500","5,000"
1642
1609
1641
1640
1601,"12,000","7,000","4,000","2,000"
1602,"8,000","3,000","1,000","1,000",500,500,500,500
1648
1649
1647
1622,"16,927","5,883","2,545","1,131","1,131","1,131"
1650
1652
1653
1654
1643
1656
1659
1644
1630
1657
1660
1665
1661
1672
1677
1645
1658
1675
1678
1664
1682
1655
1684
1679
1623
1683
1685
1680
1692
1629
1624
1663
1646
1611,"100,000","50,000","22,000","22,000","10,000","10,000","10,000","10,000","2,000","2,000","2,000","2,000","2,000","2,000","2,000","2,000"
1695
1592
1689
1701
1618,"25,000","15,000","7,000","3,000"
1577
1703
1605,"18,000","9,000","5,000","3,000","1,500","1,500"
1700
1686
1705
1704
1708
1706
1610,"15,153","6,494","2,706","1,082",811,811,541,541
1710,"3,622","1,866","1,097",768
1711
1691
1667
1709
1687
1712,"2,670","1,140",570,190
1699
1702,"15,000","7,000","3,000","3,000","1,000","1,000","1,000","1,000"
1713
1716
1698
1670,"5,861","2,930","1,758","1,172"
1718
1697
1719
1696
1721
1717
1724
1725
1722,"5,000","3,000","2,000","1,000",500,500,500,500
1651,"70,000","25,000","15,000","10,000","7,000","7,000","5,000","5,000"
1726
1730
1732
1731
1662
1728
1736
1734
1612,"40,000","20,000","10,000","5,000"
1727
1688
1739
1720
1737
1740
1741,"4,480","2,240",840,840
1606,"34,000","18,000","9,500","9,500","4,000","4,000","3,000","3,000"
1743
1751
1752
1749,"1,120",560,336,224
1750
1613,"20,000","6,000","3,000","3,000","2,000","2,000","2,000","2,000"
1754
1668
1756
1758
1755
1619,"25,000","15,000","5,000","5,000"
1729
1760
1735
1748
1770
1769
1773
1772
1774
1674
1777
1771,"1,000",700,300
1775
1781
1780
1676
1786
1779
1802
1791,"12,172","3,651","1,217","1,217"
1766
1784
1778
1745
1810
1792
1765
1790
1783
1798
1812
1801
1673,"26,850","14,900","10,750","7,200"
1788
1714
1795,"5,000","2,500","1,250","1,250"
1787
1782
1804
1793
1776
1811
1813
1796
1794
1800
1797
1803
1762
1614,"20,000","6,000","3,000","3,000","2,000","2,000","2,000","2,000"
1805
1607,"22,000","12,000","5,500","5,500","2,500","2,500"
1816
1817
1818,"7,500","2,500"
1820
1823
1814
1819
1742
1746
1822
1744
1815
1733
1821
1824
1825
1826
1620,"40,000","20,000","5,000","5,000","2,500","2,500","2,500","2,500"
1827
1789
1829
1831
1753,"100,000","60,000","25,000","25,000","12,500","12,500","7,500","7,500"
1828
1830
1832
1835
1834
1838
1836
1839
1707,"30,000","15,000","8,000","8,000","3,500","3,500","3,500","3,500"
1841
1842
1844
1843,"7,000","4,000","2,000","2,000"
1807
1852
1616,"40,000","20,000","10,000","10,000","6,000","6,000","4,000","4,000"
1846
1850
1845
1808
1847
1715,"30,000","15,000","10,000","10,000","5,000","5,000"
1854
1862
1860
1855
1856
1851
1757,"20,000","10,000","7,000","3,000"
1864
1833,"5,000","3,000","1,000","1,000"
1866
1875
1869
1809
1867
1874
1861,"45,500","15,500","6,500","5,500","4,500","2,500"
1879,"4,386","2,193",822,822
1873
1877
1876
1883
1870
1681
1884
1859
1848
1872
1671
1858
1849
1887
1885
1880
1891
1857
1868
1878
1888
1893
1892
1894
1896
1899
1666,"100,000","50,000","22,000","22,000","10,000","10,000","10,000","10,000","2,000","2,000","2,000","2,000","2,000","2,000","2,000","2,000"
1761
1897
1902
1767
1906
1903
1908
1909,"5,772","2,309","1,385"
1910
1905
1912
1917
1913
1738
1922
1907,"9,502","2,375"
1924
1840,"10,000","5,000","2,500","1,500",500,500
1904
1914
1918
1911
1926,"1,116",558
1930
1901
1927
1882,"100,000","60,000","25,000","25,000","12,500","12,500","7,500","7,500"
1764,"30,000","15,000","5,000"
1920
1915
1837
1932
1916
1925,"2,500","1,500",500,500
1931
1941
1935
1933
1940
1944
1900
1938
1947
1763,"20,000","6,000","3,000","3,000","2,000","2,000","2,000","2,000"
1936
1946
1890
1945
1919
1621,"50,000","30,000","10,000","10,000"
1693
1948
1895
1953,"3,962","1,981","1,189",782
1929
1955
1921,"3,000","1,500",500
1871
1040
1962
1768
1950
1964,"3,924","2,242","1,121","1,121"
1965
1963,364,218,145
1886,"40,000","20,000","10,000","5,000"
1966
1923
1967
1956
1949,"25,600","7,330","3,660","3,660"
1969
1971
1972,"3,805","2,283"
1694,"50,000","25,000","7,500","7,500","2,500","2,500","2,500","2,500"
1974
1943
1957
1980
1981
1982,"7,000","2,000","1,000"
1975
1983
1984
1898
1973
1985
1976
1991,"1,138",683,569,455
1989,"1,135",454,113
1987
1988,"3,829","1,914",957,957
1990
1992,"1,500",500
1961
1996,"5,000","2,500","1,500","1,000"
1993
1617,"100,000","50,000","22,000","22,000","10,000","10,000","10,000","10,000","2,000","2,000","2,000","2,000","2,000","2,000","2,000","2,000"
1994,"5,000","3,000","1,000","1,000"
1998
1863
1928
2004,"1,985",795
2001
2000
1999
1853,"40,000","25,000","10,000","10,000","5,000","5,000","2,500","2,500"
2038
2002
2005
2007
1951
2006
2012
1937
2010
2011
2015
1960,"65,000","25,000","5,000","5,000"
2003
2018
1934
2019,"1,500",500
1968,"15,000","8,000","3,500","1,500",700,700,300,300
2017
2029
1615,"100,000","50,000","25,000","25,000","15,000","15,000","10,000","10,000"
1881
2052
2043
2054,"10,000","5,000","2,500","2,500"
2028,"3,798","2,279"
2045
2044
2039
2041,"1,500",500
2022
2014,"3,000","2,100","1,600","1,100",700,700,400,400
2037,"1,589",636,265,159
2053,"4,351","2,610",870,870
2035
2047,"1,500",500
2023,"3,714","1,592",796,265
2055,"4,351","2,175",816,816
1952
2030
1608,"25,800","14,300","10,300","6,900"
2016
2048
1865,"56,250","22,500","11,250","11,250","2,812","2,812","2,812","2,812"
2031
2026
2021
1995
2040
2050
2025
2058
2061
1986,"100,000","60,000","25,000","25,000","12,500","12,500","7,500","7,500"
2067,653,392,261
2032
2066,"1,029",617,309,103
2073
2074
2076
2075
2082
2072
2079
2081
2089
2065
1942
1970
2083
2078
2084
2085
2088
2051
2020
2057
2060,"8,163","4,892","1,631"
2086
2087
1939
2091
2090
2092
2095,"1,500",500
2080,"35,000","15,000"
2098
2094
2096
2097
2056,"9,400","4,700","1,560"
2024
2046
2103,"1,159",580
2009,"3,974","2,732",869,621,310,310,248,248,125,125
2105
2104
2101,"1,500",500
2093
2111
2114
2108
1978,"90,000","40,000","20,000","20,000","9,000","9,000","6,000","6,000"
2107
2068,"30,000","15,000","2,500","2,500"
2116
2123
2113
2117
2118
2115
2122
2121,"1,500",500
1959
2106
1977,"50,000","20,000","10,000","10,000","3,000","3,000","2,000","2,000"
2125,"1,500",500
2077,"30,000","15,000","2,500","2,500"
2069
2126,"2,000","1,000"
2063,"30,000","15,000","2,500","2,500"
2064,"30,000","15,000","2,500","2,500"
2127,"2,000","1,000"
2134
2102,"8,600","4,300","1,600","1,600"
2013,"80,000","50,000","30,000","20,000","5,000","5,000","5,000","5,000"
2129
2139,"2,536",761,380
2070
2138
2136
1958,"20,000","10,000","7,000","3,000"
2143
2142,"1,259",630
2140
2141
2137
2146
2033
2154,"1,586",779
2149
2156,750,500
2100,"35,624","17,812","9,462","8,349","6,122","3,896","1,669",556
2144,300
2145
2155
2133
2153,"1,500",500
2147
2152
2159
2157
2151
2128
2042
2148,"13,680","5,472","2,736"
2071
2162,"15,000","7,000","3,000","1,000"
2163
2034,"40,000","19,200","10,400","10,400"
2164
2036,"104,000","44,000","23,000","25,000","13,000","13,000","7,000","7,000","5,000","4,000","2,000","3,000"
2175
2170
2171
2169,"1,796",718
2173
2172
2184
2059,"18,985","8,934","2,792","2,792"
2183,1,536
2193,"3,909","1,899",949,949
2185
2166,"2,624","1,312",657,657,328,328,328,328
2174
2180,"1,126",450,56,56
2168,"10,000","4,000","1,000","1,000"
2191
2197
2195
2201
2027,"500,000","125,000","70,000","70,000","35,000","35,000","35,000","35,000","8,750","8,750","8,750","8,750","8,750","8,750","8,750","8,750"
1979
2202
2179,"4,562","2,281","1,426",855,399,399
2216
2204
2210
2209
2099,"100,000","50,000","22,000","22,000","10,000","10,000","10,000","10,000","2,000","2,000","2,000","2,000","2,000","2,000","2,000","2,000"
2221
2217
2200
2222
2229
2228
2219,"2,500","1,500",500,500
2227,"7,700","4,630","3,090"
2119
2186
2226,700,300
2124
2230
2177
2234
2231
2224,"35,000","15,000","5,000"
2165
2150,"55,000","30,000","12,500","12,500","5,000","5,000","2,500","2,500"
2235
2215,"10,000","5,000","2,500","2,500"
2243
2211,"35,000","15,000","5,000"
1954,"50,000","20,000","10,000","10,000","3,000","3,000","2,000","2,000"
2242,500,140,70
2247
2249
2130,"200,000","90,000","44,000","44,000","36,000","36,000","31,000","31,000"
2212,"30,000","15,000","5,000"
2256,"15,290","7,645"
2214,"10,000","5,000","2,500","2,500"
2240,"15,291","7,646","3,058","1,529"
2187,"50,000","20,000","12,000","8,000","3,000","3,000","2,000","2,000"
2223,"30,000","15,000","5,000"
2264
2208
2263
2271
2275
2270
2278
2276
2277
2188,"2,428",809,405,405
2258
2281,"1,703",568,284,284
2283
2238
2109,"50,000","20,000","10,000","10,000","3,000","3,000","2,000","2,000"
2248,"250,000","125,000","80,000","80,000","65,000","65,000","50,000","50,000"
2252,"5,000","3,000","2,000"
2213
2176
2297
2288,"60,857","18,257","10,650","7,610"
2062,"500,000","150,000","70,000","70,000","35,000","35,000","35,000","35,000","8,750","8,750","8,750","8,750","8,750","8,750","8,750","8,750"
2308,"2,033","1,565","1,017",470
2292,"4,435","2,218","1,331",887
2317,500,200
2313,"10,000","4,000","1,000","1,000"
2291
2316,"5,000","3,000","1,000","1,000"
2310,"3,734","1,867","1,120",747
2280,"13,000","8,000","4,000"
2321
2305
2319,"50,000","30,000","20,000"
2255
2333,"2,212",553
2330
2232,"10,000","5,000","2,500","2,500"
2301
2339,"3,087","1,544",925,617
2331
2135,"390,000","140,000","60,000","60,000","50,000","50,000","50,000","50,000","40,000","40,000","40,000","40,000","40,000","40,000","30,000","30,000","30,000","30,000","30,000","30,000","30,000","30,000","30,000","30,000"
2355,"6,679","3,339"
2341
2314,"12,000","7,000","3,000","3,000"
2318
2336,"1,500",500
2335,"2,000","1,000"
2346,"5,609","2,804","1,683","1,122"
2343,"8,376","3,797","1,787","1,787"
2361,500,375,375,125,125,125,125
2375
2383
2381,"1,150",550
2303,"2,576","1,288",601,429,258,258,258,258,172,172
2365,500,375,375,125,125,125,125
2323,"12,890","5,156","1,290"
2329
2377
2344
2338,"15,000","7,500"
2376
2358
2320,"3,362","1,494",374,374
2353,"2,500","2,500"
2366,500,375,375,125,125,125,125
2359,500,375,375,125,125,125,125
2364
2352,"2,500","2,500"
2370
2382
2373
2360
2374
2371
2385,"2,000",500
2326,"2,500","1,500",500,500
2337
2324,"14,750","6,640","2,215","2,215"
2356,"30,139","18,083","9,042","3,013","3,013","3,013","3,013","3,013"
2387,542,154,77
2350,"18,000","10,000","5,000","5,000","3,000","3,000","3,000","3,000"
2357,"9,000","3,000","1,500","1,500"
2414,945,570,280,280
1690,"3,000","1,500",500
2269,"2,500","1,500",500,500
2416,"4,000","2,000"
2399
2315,"10,000","5,000","2,500","2,500"
2417,"14,965","7,482"
2398,"3,743","1,872",749,749
2285,"50,000","25,000","15,000","5,000","1,250","1,250","1,250","1,250"
2408,"5,179","2,071","1,036",690,690,690
2415
2391,"4,605","1,535"
2351,"1,000"
2379,573,"1,145",573,573
2400
2412
2401
2262,"8,000","4,000","2,000","1,000"
2402
2424
2325,"130,000","50,000","25,000","25,000","10,000","10,000","10,000","10,000","4,500","4,500","4,500","4,500","3,000","3,000","3,000","3,000"
2422,"1,000",500
2405
2428
2403
2389,"2,000","1,150",575,275
2404
2348
2406
2437
2418
2436,"1,000",500
2438
2442
2112,"50,000","20,000","10,000","10,000","3,000","3,000","2,000","2,000"
2443
2441,"10,000","4,000","1,000","1,000"
2444,"1,500",375
2296,"5,000","2,500","1,500","1,000"
2440
2445
2446
2448
2158,"3,000","1,500",500
2455
2439,"1,500"
2449
2451,"1,000",500
2458
2421,"1,000",340
2334
2456
2435,"50,000","30,000","10,000","10,000"
2411,"40,000","20,000","8,000","8,000","4,000","4,000","4,000","4,000","1,000","1,000","1,000","1,000","1,000","1,000","1,000","1,000"
2459
2161,"30,000","7,500","5,500","1,500"
2460
2349
2461
2419
2420
2413
2462
2474
2395,"5,000"
2463
2450
2469
2464
2467,"3,000","1,000",500,500
2468,"1,000",500
2475,"3,800","1,900",950,950
2484,183,92
2478,"1,230",615,308,308,154,154,154,154
2345,"50,000","25,000","15,000","10,000"
2457,"3,915","2,090","1,305",522
2488
2239,"125,000","50,000","25,000","25,000","8,500","8,500","5,000","3,000"
2485
2354
2409,"15,000","7,500","3,750"
2397,"5,000"
2491,"1,345",672,336,336
2490,"1,000",500
2498
2496,"10,000","5,200","2,000","2,000"
2388,620,465,310,310,310,310
2311,"50,000","20,000","10,000","10,000","2,500","2,500","2,500","2,500"
2482,"10,000","6,000","4,000"
2433
2390,"30,000","18,000","9,000","6,000","3,000","3,000","3,000","3,000"
2492
2386,959,959,575,575
2368,"18,000","15,500","13,000","10,500","8,000","5,500","3,000","1,500"
2369,"18,000","15,500","13,000","10,500","8,000","5,500","3,000","1,500"
2507,"1,000",500
2505
2512
2514,542,154,77
2518,"3,960","1,140",570
2513
2522
2489,"7,500","3,750","1,875","1,875"
2516
2520,400,250,160,80
2517
2524
2525
2521
2523
2508
2526
2499,"3,500","1,500"
2466
2410,"250,000","100,000","40,000","40,000","15,000","15,000","15,000","15,000"
2527
2452,"30,000","18,000","9,000","6,000","3,000","3,000","3,000","3,000"
2529,"1,470",370
2542
2532,"7,000","10,000 of gear","3,000","5,000 of gear"
2528,"14,833","7,420","2,968","1,483","1,483","1,483","1,483","1,483"
2540,"3,200","1,600"
2537,"1,000",500
2306,"200,000","90,000","45,000","45,000","35,000","35,000","30,000","30,000","25,000","25,000","20,000"
2497,"30,000","15,000","5,000"
2340,"20,000","15,000","10,000","10,000","5,000","5,000","5,000","5,000"
2501,"3,360","1,680",840,840
2534,"7,000","4,000","2,000","2,000"
2545
2544
2480,"6,140","3,070","1,535","1,535"
2550
2431,"25,000","12,500","8,500","4,000"
2577,"2,500","2,500"
2447,900,450
2504,"30,000","15,000","5,000"
2549,"1,000",500
2552,"2,019",807,302,302
2548,"5,000","3,000","1,000","1,000"
2556
2476
2551
2432,"15,000","7,500","2,500"
2562,"1,000",300,150,150
2560,"1,088","1,088"
2554,542,154,77
2565,"5,953","3,572"
2563,"1,900",800
2558,"1,000",500
2286,"50,000","25,000","10,000","10,000","1,250","1,250","1,250","1,250"
2453,"29,500","17,700","8,860","5,900","2,950","2,950","2,950","2,950"
2575,"14,661","7,330","2,932","1,466","1,466","1,466","1,466","1,466"
2535,"30,000","15,000","5,000"
2454,"20,000","15,000","12,500","12,500","10,000","10,000","10,000","10,000"
2423,"23,750","11,250","5,000","5,000","1,250","1,250","1,250","1,250"
2434,"4,500","2,700",900,900
2582,"1,000",500
2585,"1,386",530,107,107
2595,"2,160",540
2261,"125,000","50,000","25,000","25,000","12,000","12,000","5,000","5,000","3,500","3,500","2,000","2,000"
2597,"10,000"
2576,"1,440",360
2380,"13,500","6,750","2,700","1,400","1,400","1,400","1,400","1,400"
2539,"9,000","4,500","1,700","1,700"
2583,525,335,335,75,75,75,75
2561,"6,343","2,114"
2584,700,450,450,100,100,100,100
2581,700,450,450,100,100,100,100
2494,"15,000","12,500","10,000","7,500"
2600,"1,000",500
2546
2580,"1,750","1,125","1,125",250,250,250,250
2477,"3,160","1,580",530,530
2559,"43,746","21,872","11,666","11,666","2,917","2,917","2,917"
2536,"1,860",930,465,465
2110,"50,000","20,000","10,000","10,000","3,000","3,000","2,000","2,000"
2603,"2,162",543
2598,"2,550","1,275",425
2578,"2,500","2,500"
2601,"2,115","1,060",315,210
2495,"15,000","12,500","10,000","7,500"
2407,"400,000","140,000","60,000","60,000","50,000","50,000","50,000","50,000","30,000","30,000","30,000","30,000","30,000","30,000","30,000","30,000"
2602,175,75,50
2511,"7,950","3,600","1,700","1,700"
2605
2547,"2,500","1,500",750,250
2592,"3,250","1,000"
2555
2589
2607
2608,"2,750","1,250",500,500
2593,"8,900","5,100"
2610,"2,690","1,615",805,270
2619
2616,70,30,10
2615,945,570,190,190
2367,"250,000","120,000","65,000","65,000","45,000","45,000","35,000","35,000"
2599,"87,000","43,500","29,000","7,200","7,200","7,200","7,200","7,200"
2618,"5,267","3,158","1,055","1,055"
2612,"1,070",536
2622,550,170,80
2620,"1,425",792,423
2621,200,75
2617,"5,267","2,633","1,580","1,055"
2596,"2,500","1,500",500,500
2623,"1,430",358
2613,"72,710","43,627","14,542","14,542"
2472
2625
2624,770,580,385,190
2626,"2,090","1,046",522,522
2630,783
2611,"4,295","2,146","1,074","1,074"
2564,"800,000","400,000","200,000","60,000","10,000","10,000","10,000","10,000"
2538,"18,000","10,000","5,000","5,000","3,000","3,000","3,000","3,000"
2657
2678,"1,700","1,000",250,250
2677,"1,100",600,200
2650,"18,000","7,500","3,500","1,500"
2471,"500,000","150,000","70,000","70,000","35,000","35,000","35,000","35,000","8,750","8,750","8,750","8,750","8,750","8,750","8,750","8,750"
2666,"1,434",359
2669
2642
2566,"50,000","20,000","10,000","10,000","3,000","3,000","2,000","2,000"
2627
2647
2631,"2,878","1,439",719
2649,"8,000","4,000","1,500","1,500"
2640
2655
2648
2634
2646,550,170,80
2654
2653
2651,"1,760","1,320"
2644
2665,"6,000","2,500","1,500"
2661
2609,400,250,150
2656
2629,"1,750",800,450
2667
2643
2633
2670,"1,100",400
2682,550,170,80
2671,"7,500","2,500"
2541,"200,000","100,000","25,000","25,000","15,000","15,000","15,000","15,000","5,000","5,000","5,000","5,000","5,000","5,000","5,000","5,000"
2692
2685,"1,500",500,100,100
2690
2664,"6,000","2,500","1,500"
2659,"6,000","2,500","1,000",500
2676
2694,"1,000",500
2695,"1,955",993
2691
2696
2698,"1,434",359
2706,"3,150","1,575",525
2637,"111,769","46,150","25,172","24,123","13,635","13,635","7,342","7,342","4,195","5,244","4,195","2,097"
2660
2707,"2,655","1,062",531
2704,"3,815"
2693
2662,"15,000","8,000","3,500","3,500"
2717,"2,500","1,500",500 in skins,500 in skins
2254,"10,000","5,000","3,000","2,000"
2703
2680,"1,700","1,000",250,250
2712,"1,000",600
2710,"1,500",500,100,100
2718,"2,112","1,056",316,211
2755
2709
2702
2645,740,370,160
2719,"1,000",500
2734,"3,720","1,860"
2688
2160,"58,232","21,836","11,647","7,279"
2708,"1,500",500
2658
2730
2714,250,150,100
2733,"1,500",500,100,100
2687
2740,"3,000","1,200",430,300
2735
2727
2741,432,432,270,270
2737
2754
2736
2738
2747
2756,682,341,199,199
2726
2764,"1,195",597
2743
2742,"2,161",756
2762,"1,860",930,558,372
2745
2681,"1,700","1,000",250,250
2739,861,430
2744
2758,"1,760","1,257"
2761,"10,000","4,000","1,000","1,000"
2746
2731,"6,000","2,500","1,000",500
2732,"12,000","5,000","1,500","1,500"
2700,"2,000","1,000"
2760,"1,000",600
2770,682,341,199,199
2771,"1,435"
2769,"2,500","1,500",500,500
2768,"5,445","1,905",815
2783,"5,700","2,300"
2775,945,570,230,230
2765,"4,155","1,890",755,755
2683,"125,000","50,000","25,000","25,000","10,000","10,000","10,000","10,000","6,000","6,000","6,000","4,000","4,000","4,000","2,500","2,500"
2776,"2,737"
2673,"2,500"
2767,"1,000",500
2750,875,550,550,125,125,125,125
2800,"14,267","4,280","1,426","1,426"
2748,"2,100","1,350","1,350",300,300,300,300
2784,682,341,199,199
2675
2781,"2,000",500
2759,"5,650","3,150"
2674
2663,"7,950","3,710","1,590","1,590"
2804,"1,060",640,420
2799,"1,591",955,530,318
2806,682,341,199,199
2753,"31,866","13,810","5,312","5,312"
2752,600,400,300,300,100,100,100,100
2672,"2,500"
2553,"2,270","2,270","1,890","1,890"
2805,200,50
2803,"1,000",700,300
2814,"1,000",500
2789,"2,700","1,800","1,350","1,350",450,450,450,450
2810
2751,600,400,300,300,100,100,100,100
2808,"1,070",534,268,268
2773,600,400,300,300
2641,"63,750","33,750","19,500","15,000","5,250","5,250","3,750","3,750"
2793
2790
2785
2823,"1,072",645,214,214
2786
2817
2824,"2,900",700
2811,"29,035","11,614","5,807"
2829,682,341,199,199
2838
2816,"1,500",500
2812
2818
2787
2782,"2,550","1,700","1,275","1,275",425,425,425,425
2826
2825,"2,905",726,436
2791
2798,"10,300","5,150","1,300","1,300"
2839,410,220,125,60
2794
2567,"50,000","20,000","10,000","10,000","3,000","3,000","2,000","2,000"
2788
2809,"3,000","1,500",500
2779,"2,000","1,000",500,500
2831,"1,500",800
2819
2772,"8,800","4,070","1,760","1,760"
2713,"100,000","40,000","20,000","20,000","7,500","4,750","4,750","3,000"
2827
2705,"25,992","11,882","8,540","7,055","5,941","5,941","4,456","4,456"
2679,"10,000","5,000","2,500","1,500",500,500
2845,"1,093"
2780,"1,500",500
2807,"5,948","2,199","1,100","1,100",550,550
2766,"21,779","10,889","4,356"
2820
2568,"50,000","20,000","10,000","10,000","3,000","3,000","2,000","2,000"
2639,"27,445","23,379","19,313","17,788","15,247","11,689","6,115"
2837
2638,"27,445","23,379","19,313","17,788","15,247","11,689","8,131","4,065"
2852,"5,465","2,732","1,640","1,093"
2840,"2,212",553
2850
2857,680,320,200,200
2828
2749,"18,000","10,000","5,000","5,000","3,000","3,000","3,000","3,000"
2844,"10,000","5,000","2,500","2,500"
2801,"20,000","10,000","5,000","5,000","2,500","2,500","2,500","2,500"
2848
2699,"2,285","1,140",570,285,142,142,142,142,142,142
2778
2851,"1,000",500
2821
2796
2797
2859,"2,988","1,493"
2833
2822
2849
2858,"1,768",884,331,331
2868,"4,175","2,385"
2815
2774,"2,195","1,097"
2795
2862
2864
2802,"2,966","1,853","1,483","1,112"
2792
2865
2869,336,224,112,112
2875,682,341,199,199
2863
2870
2813,"6,000","2,500",500
2871
2878,"1,500"
2861
2874,"1,000",500
2882,"1,449"
2834,"3,000","1,500",250,250
2885,"5,770","2,308","1,154",923
2777,"15,000","7,000","4,000","4,000"
2873
2877,"1,500",800
2887,680,340,199,199
2888
2557,"228,710","101,649","60,989","59,074","45,742","45,742","39,409","36,492","35,577","34,851","30,684","33,036"
2881,380,120
2725,"30,000","15,000","5,000"
2891,"1,449"
2835,"3,500","1,250",125,125
2843
2886,"2,000",500
2883,"2,500","1,500",500,500
2842,"6,000","2,500","1,500"
2729,"15,000","12,500","10,000","7,500"
2860
2728,"15,000","12,500","10,000","7,500"
2872,"15,000","6,500","2,500","1,000"
2841,"6,000","2,500","1,500"
2722,"30,000","15,000","5,000"
2724,"30,000","15,000","5,000"
2911
2910
2913
2898,"1,449"
2757,"2,854","1,427",713,713
2915
2914
2830,"2,500","1,000"
2904
2905
2892,"3,000","1,500",750,750
2907
2884,"13,700","6,850","5,325","3,805"
2945
2569,"50,000","20,000","10,000","10,000","3,000","3,000","2,000","2,000"
2889,"65,000","25,000","5,000","5,000"
2711,"5,000","3,000","2,000",250,250,250,250
2926
2960,"1,250",500
2927,"1,825",897
2763,"250,000","120,000","65,000","65,000","45,000","45,000","35,000","35,000"
2903
2924,"5,734","3,440","1,147","1,147"
2946
2906
2853,"250,000"
2925,"1,400",700,420,280
2953,"3,900","2,005",669,669
2917,"2,799","1,679",671,448
2930,"1,000",500
2908
2923,"9,000","4,000","1,000","1,000"
2922,"1,449"
2959,900,300,150,150
2929,"1,700","1,150",600
2890,"1,680",840,420,420
2944
2723,"30,000","15,000","5,000"
2941,"1,120",560,280,280
2920,"7,335","4,413","1,908","1,174"
2919,640,430
2931,"1,500"
2947
2939
2856
2957,"2,300",700
2961,"1,000",500
2963,"1,125"
2948
2974
2952
2964,"1,073",858,643,429
2854,"3,000","1,500",500
2940,"8,365","3,902","2,230","2,230"
2965,"1,500",800
2721
2949
2950
2954,"8,373","4,465","2,232","2,232"
2976,228,114,57,57
2951
2846,"10,250","1,139"
2893,"2,275","1,515",760,760,380,380,380,380
2909,"5,420","2,325",540,540,540,540,540,540
2975,"3,000","1,500",600,600,300,300
2978,"11,500","4,300","2,000","1,000"
2962
2955,"6,695","2,789","1,673"
2896,"6,810","4,540","2,270","2,270"
2899
2635,"96,093","40,342","20,885","19,580","10,442","10,442","10,442","10,442","6,265","6,265","6,265","3,132","3,132","3,132","1,566","1,566"
2901
2533,"6,000","2,500","1,500"
2982,"4,780","1,195"
2983
2984
2900
2985
2902
2990,"2,500","1,000",250,250
2991
2570,"50,000","20,000","10,000","10,000","3,000","3,000","2,000","2,000"
2916,"4,000","2,000","1,000","1,000",500,500,500,500
2994
2986
2933
2936
2995
3001,"15,300","7,600","3,800","1,900"
2992
2977,"2,500",500
2988
2999
3007,"2,035","1,220"
2720,"500,000","150,000","70,000","70,000","35,000","35,000","35,000","35,000","8,750","8,750","8,750","8,750","8,750","8,750","8,750","8,750"
2987
2928
2912,"1,690","1,690"
3012
2571,"50,000","20,000","10,000","10,000","3,000","3,000","2,000","2,000"
2855,"1,000",500
2943
3005
2894,"5,705","2,665","1,520","1,520"
2989
3006,"1,000",500
2996,580,580
3021
3022
3008
3023,"1,500","1,250"
3024
3025
3003,"3,200","1,600",650,650,325,325,325,325
3029,"1,580",790
3032,"3,200","1,600"
2836,"20,000","9,000","4,000","2,000"
3030,"1,000",500
2970
3028,"4,700","2,350"
3027,"1,175"
2932,"22,000","11,000","4,400"
2918,"12,330","8,630"
3037,"2,500",500
2997,"2,957","1,774"
3050,"1,320",660,440,352
3039
3038,"1,500",800
3034
3063,"2,350","2,350"
2971
2993,"8,000","4,000","2,000","1,000"
3033
2981
3013
2937
3073
3071
3082,480,240,125,125
3087,"1,300",700,350
3066,"5,000","2,500","1,250","1,250"
3089,"1,693",941
2897,"2,100","1,350","1,350",300,300,300,300
2966
3004,"6,000","3,000",500,500
2967
3083
3045,875,550,550,125,125,125,125
3070,"1,950",850
3091,"1,946","1,298"
3086,"3,950","2,760","1,185"
3100
3090,"1,000",500
3065
3053
3062
3103,450,248,135,67
3094
3000,"5,000"
2968
3051
3084
3026,"4,680","1,560",780,465,155,155
3079
3064
2969
3068
3099,"1,470",200,100,100
3106,"4,290","3,438","1,264"
3107,"2,850",950
3015,"2,966","1,853","1,483","1,112"
3042,600,400,300,300
3040,"2,700","1,800","1,350","1,350",450,450,450,450
3041,"2,700","1,800","1,350","1,350",450,450,450,450
3088
3052
3019,"1,500",500
3108
3110
3036,"2,000","1,000",500,500
3109,"5,445","1,905",816
3031,384,384
3092,"6,410","3,205"
3054
3044,750,500,350,350,125,125,125,125
3018
3076,"3,000","1,500",750,750
3095
3123,"11,877","5,345"
3017
3096
3078
3009
3120,"2,000","1,250",750
3118,705,295,175
3125,120,70
3097
3124,"1,200",600,300,300,150,150,150,150
3074
3093,"5,000","2,000","1,000","1,000",500,500
3126,"1,500",750
2934
2880,"2,500"
3098
3127
3105,"2,000","1,000"
3130,"2,000",500
3111,"2,373",791
3119,"1,500",800
2979,"51,700","25,900","19,400","13,000"
3067,"4,440","1,770",440,440
3080,300,210,210,150,150
3085,"2,379","1,190"
3155,"1,200",300
3142
3131,"1,475"
2684,"100,000","50,000","22,000","22,000","10,000","10,000","10,000","10,000","2,000","2,000","2,000","2,000","2,000","2,000","2,000","2,000"
3154
3146
3140,"5,112","3,834","2,557","1,278"
3148
3144
3141
3102,"5,307","3,317","1,990",994
2879,"2,500"
3143
3011,"1,500",500,250,250
3158
3043,600,400,300,300,100,100,100,100
3159
3128,"1,000",500
3167,"2,750","1,300"
3161,"5,960","2,980","1,788","1,192"
3160
3149
3171,480,160
2972
3061,"117,500","47,000","23,500","23,500","5,875","5,875","5,875","5,875"
3132,"3,726","2,235"
2572,"50,000","20,000","10,000","10,000","3,000","3,000","2,000","2,000"
3077
2973,"9,612","3,204",801,801
3145
3147
3169,"15,438","7,719","3,860"
3163,"2,384",596
3168
3164,"2,882","1,441","1,080",720
3174,421,300,181,181
3172,"4,631","3,088","1,544"
3002,"6,000","3,000","1,000"
3162,"1,500",500
3173,220,132,88
3186
3181
3081,"1,510",906,434
2636,"125,457","50,182","25,091","24,258","8,531","8,531","4,014","3,933"
3187,997,498,249,249
3184,"8,317","4,159","2,079","2,079"
3010,"13,538","2,707","1,353","1,353"
3055
3193,"2,385","1,192",715,477
3138
3182,"12,000","6,000","3,000","3,000"
3214,"1,000",300,100,100
3211,"4,552","2,276","1,138",759
3218,606,302,120,120
3202
3215,"2,000","1,000"
3020,"20,478","9,830","4,915","4,915","2,867","2,867"
3191
3075
3200
3188,"3,774","1,509",566,566
3199
3135
3198
3209,685,457
3179,"2,390","1,076",359,359
2942,"1,600","1,200",800,800,600,600,600,600
3121
3210,"4,859","2,700",540,540
3175
3197
3205,700,350,150,150,50,50,25,25
3136
3046,"18,000","10,000","5,000","5,000","3,000","3,000","3,000","3,000"
3056
3180,"1,000",500
3206
3192
3216,476,285,119,71
3194
3035,"1,779",949,472,355
3220
3213,"1,500",800
3156
3231,"3,533","1,766",883,883
3226,"21,780","10,890","4,360"
3058
3233,"1,810",905
3227
3057
3189,"46,000","31,000","15,000","8,000"
3223,"3,000","1,500",500
3230,"8,360","2,281"
3222
3139
3137
3235
3236
3225,"9,000","4,000","1,000","1,000"
3237
3246,"14,085","3,521"
3234
3241
3195
3101,"9,415","4,707","1,765","1,765"
3229,"3,600","1,200",650,650
3239,"22,833","11,441","7,627","4,195"
3266,"3,250","1,900",950,950
3268,"1,750","1,150",300,300
3238
3267
2935,"10,900","5,400","2,150"
3150
3269
3207,"2,500",500
3243
3270
3253
3134,"1,325","1,325",945,945
3157,"24,800","12,400","6,200","6,200","3,100","3,100","3,100","3,100"
3265,"6,000","2,000"
3219
3016,"500,000","150,000","70,000","70,000","35,000","35,000","35,000","35,000","8,750","8,750","8,750","8,750","8,750","8,750","8,750","8,750"
3244
3152
3151
3255
3282,122,41
3256
3183
3257
3254
3212,"7,596","3,038","1,513"
3287
3242,"5,369","2,301",537,537,537,537,537
3281
3258
3129
3288
3296
3286,757,453,302
3260
3291
3261
3285,"1,587"
3104,"3,510","1,754",585
3298
3263
3277
3303,400
3278
3279
2921,"40,000","20,000","8,000","8,000","4,000","4,000","4,000","4,000","1,000","1,000","1,000","1,000","1,000","1,000","1,000"
3280
2573,"50,000","20,000","10,000","10,000","3,000","3,000","2,000","2,000"
3297,"3,477","1,217",521
3302,"4,712","2,945","1,178",589
3306
3245,"2,000"
3304,"1,032",688
3284,"2,000","1,000"
3307
3153,"5,000","5,000"
3014,700,700,700,700
3262
3301,"1,500",800
3178
3204,"5,000","3,000","1,000","1,000"
3133,"250,000","100,000","60,000","30,000","15,000","15,000","10,000","10,000"
3249,"30,000","15,000","5,000"
3250,"30,000","15,000","5,000"
2938,"10,900","5,400","2,150"
3264
3240
3310
3305,"1,666",833,416,416,166,166,166,166
3294
3293,"7,000","3,000"
3232,"29,151","17,490","8,744","2,915"
2895,"4,980","2,990","2,190","2,190"
3190,"75,000","35,000","15,000","10,000","4,500","4,500","3,000","3,000"
3252,"30,000","15,000","5,000"
3251,"30,000","15,000","5,000"
3259
3324,"5,405","2,316",463,308,231,231,154,154
3334,"13,000","6,500"
3337,"1,804",902,300,300
3338,"3,040","1,820"
3196
3341
3325
3326
3069,"8,988","5,392","3,595"
2866,"27,000","23,000","19,000","17,500","15,000","11,500","8,000","4,000"
3347,"8,605","4,885","1,745","1,745"
3327
3321,"8,712","4,355","2,033",813
3340,"8,712","4,356"
3271
3348,"2,298",766
3273
3339,"2,725","1,135",455,455
2867,"27,000","23,000","19,000","17,500","15,000","11,500","8,000","4,000"
3344,"3,815","2,145","1,430","1,430",775,775,775,775
3328
3165,"50,000","25,000","8,750","8,750","2,500","2,500","1,250","1,250"
3329
3272
3274
3346,"1,170",292,156,98
3311
3353
3185,"3,000","1,500",500
3343,"1,000",500
3122,"26,350","10,980","4,390","2,195"
3330
3048
3345,949,569,303,303
3047,"2,500"
3364,"1,500"
3331
3332
3208,"6,000","2,500","1,000",500
3166,"9,844","4,543","1,893","1,893"
3358,"3,540","2,360","1,180",590
3355,"26,790","13,395","6,700","6,700"
3352,"4,080","2,100",700,700
2956,"125,000","50,000","25,000","25,000","12,000","12,000","5,000","5,000","3,500","3,500","2,000","2,000"
3368,"4,000","1,500",375,375
3369
3357
3335,400,300,150
3276,"1,823","1,823"
3367,"1,000",500
3363,"1,582"
3049,"2,100","1,350","1,350",300,300,300,300
3292,"75,300","22,590","12,050","3,010"
3060
3059
2998,"125,000","50,000","45,000","15,000","10,000","5,000"
3378,"4,000","1,650",650,300
3295,"5,800","3,480","1,740",580
3114,"40,000","20,000","10,000","6,500","4,000","4,000","4,000","4,000"
3350,"1,458",728,364,364
3224,"20,000","10,000","5,000","5,000"
3115,"10,000","4,000","2,000"
3349,"2,500","1,500","1,000"
3388
3370
3387,"1,500",500
3351
3398
3372
3396,"5,950","2,975","1,785","1,190"
3394,"15,137","7,568","4,541","3,027"
3379,"13,036","4,818","2,267","1,134"
3395,"8,923","4,759","2,379","2,379",595,595
3391,"14,000","8,000","1,500","1,500"
3399,"4,800","1,200"
2574,"50,000","20,000","10,000","10,000","3,000","3,000","2,000","2,000"
3401
3390,"1,000",500
3407
3409,"1,200",400
3406
3408
3322,"6,000","2,500","1,500"
3228,"6,000","3,000",500,500
3217,"1,515","1,140",760,760,570,570,570,570
3414,"1,470",882,588
3072,"225,000","100,000","60,000","60,000","45,000","45,000","40,000","40,000","35,000","35,000","32,500","32,500"
3417
3201,"51,700","25,900","19,400","13,000"
3410,"4,705","1,764",882,882
3411,"5,200","2,000"
3283,"117,500","58,800","21,350","21,350","8,000","8,000"
3384,"10,000","3,500","1,500"
3400,"1,500",500
3413
3416
